Team,Abbr
Arizona Cardinals,ARI
Atlanta Falcons,ATL
Baltimore Ravens,BAL
Buffalo Bills,BUF
Carolina Panthers,CAR
Chicago Bears,CHI
Cincinnati Bengals,CIN
Cleveland Browns,CLE
Dallas Cowboys,DAL
Denver Broncos,DEN
Detroit Lions,DET
Green Bay Packers,GBP
Houston Texans,HOU
Indianapolis Colts,IND
Jacksonville Jaguars,JAX
Kansas City Chiefs,KCC
Las Vegas Raiders,LVR
Los Angeles Chargers,LAC
Los Angeles Rams,LAR
Miami Dolphins,MIA
Minnesota Vikings,MIN
New England Patriots,NEP
New Orleans Saints,NOS
New York Giants,NYG
New York Jets,NYJ
Philadelphia Eagles,PHI
Pittsburgh Steelers,PIT
San Francisco 49ers,SFO
Seattle Seahawks,SEA
Tampa Bay Buccaneers,TBB
Tennessee Titans,TEN
Washington Football Team,WAS